{"playerPosition":{"X":0.0,"Y":0.0,"Z":0.0,"Length":0.0,"ReciprocalLengthFast":1.9818029E+19,"LengthFast":5.0459106E-20,"LengthSquared":0.0,"Xy":{"X":0.0,"Y":0.0,"Length":0.0,"ReciprocalLengthFast":1.9818029E+19,"LengthFast":5.0459106E-20,"LengthSquared":0.0},"Xz":{"X":0.0,"Y":0.0,"Length":0.0,"ReciprocalLengthFast":1.9818029E+19,"LengthFast":5.0459106E-20,"LengthSquared":0.0},"Yx":{"X":0.0,"Y":0.0,"Length":0.0,"ReciprocalLengthFast":1.9818029E+19,"LengthFast":5.0459106E-20,"LengthSquared":0.0},"Yz":{"X":0.0,"Y":0.0,"Length":0.0,"ReciprocalLengthFast":1.9818029E+19,"LengthFast":5.0459106E-20,"LengthSquared":0.0},"Zx":{"X":0.0,"Y":0.0,"Length":0.0,"ReciprocalLengthFast":1.9818029E+19,"LengthFast":5.0459106E-20,"LengthSquared":0.0},"Zy":{"X":0.0,"Y":0.0,"Length":0.0,"ReciprocalLengthFast":1.9818029E+19,"LengthFast":5.0459106E-20,"LengthSquared":0.0}},"blocks":[[0,0,0,0,0,0,0,0,0,0,0,0,0,0,0,0,0,0,0,0,0,0,0,0,0,0,0,0,0,0],[0,2,2,2,2,2,2,0,2,2,2,2,2,2,2,2,0,2,2,2,2,2,2,2,2,2,2,2,2,0],[0,2,1,2,2,2,2,0,2,2,2,2,2,2,2,2,0,2,2,2,2,2,2,2,2,2,2,2,2,0],[0,2,1,2,2,2,2,0,2,2,2,2,2,2,2,2,0,2,2,2,2,2,2,2,2,2,2,2,2,0],[0,2,1,2,2,2,2,0,2,2,2,2,2,2,2,2,0,2,2,2,2,2,2,2,3,2,2,2,2,0],[0,2,1,2,2,2,2,2,2,2,2,2,2,2,2,2,2,2,2,2,2,2,2,2,2,2,2,2,2,0],[0,2,2,2,3,2,2,0,0,0,0,0,0,0,0,0,0,2,2,2,2,2,2,2,2,2,2,2,2,0],[0,2,2,2,2,2,2,0,2,2,2,2,2,2,2,2,0,2,2,2,2,1,1,2,2,2,2,2,2,0],[0,2,2,2,3,2,2,0,2,2,2,2,2,2,2,2,0,2,2,2,2,1,1,2,2,2,2,2,2,0],[0,2,2,2,2,2,2,0,2,1,1,1,1,1,1,2,0,2,2,2,2,1,1,2,2,2,2,2,2,0],[0,2,2,2,2,2,2,0,2,1,1,1,1,1,1,2,0,2,3,2,2,1,1,2,2,2,2,2,2,0],[0,0,0,0,0,0,0,0,2,1,1,1,1,1,1,2,0,2,2,2,2,1,1,2,2,2,2,2,2,0],[0,2,2,2,0,2,2,2,2,1,1,3,1,1,1,2,0,2,2,2,2,2,2,2,2,2,2,2,2,0],[0,2,2,2,0,2,2,2,2,1,1,1,1,1,1,2,0,2,2,2,2,2,2,2,2,2,2,2,2,0],[0,2,2,2,0,2,2,2,2,1,1,3,1,1,1,2,0,2,2,2,2,2,2,2,2,2,2,2,2,0],[0,2,2,2,0,0,0,0,2,1,1,1,1,1,1,2,0,2,2,2,2,2,2,2,2,2,2,2,2,0],[0,2,2,2,2,2,2,0,2,1,1,1,1,1,1,2,0,2,2,2,2,2,2,2,2,2,2,2,2,0],[0,2,2,2,2,2,2,0,2,1,1,1,1,1,1,2,0,2,2,2,2,1,1,2,2,2,2,2,2,0],[0,2,2,2,2,2,2,0,2,2,2,2,2,2,2,2,0,2,2,2,2,1,1,2,2,2,2,2,2,0],[0,2,1,2,2,2,2,0,2,2,2,2,2,2,2,2,0,2,2,2,2,1,1,2,2,2,2,2,2,0],[0,2,1,2,2,2,2,0,2,2,2,2,2,2,2,2,0,2,2,2,2,1,1,2,2,2,2,2,2,0],[0,2,1,2,2,2,2,2,2,2,2,2,2,2,2,2,2,2,2,2,2,1,1,2,2,2,2,2,2,0],[0,2,1,2,3,2,2,0,0,0,0,0,0,0,0,0,0,2,2,2,2,2,2,2,3,2,2,2,2,0],[0,2,2,2,2,2,2,0,2,2,2,2,2,2,2,2,0,2,2,2,2,2,2,2,2,2,2,2,2,0],[0,2,2,2,3,2,2,0,2,2,2,2,2,2,2,2,0,2,2,2,2,2,2,2,2,2,2,2,2,0],[0,2,2,2,2,2,2,0,2,2,2,2,2,2,2,2,0,2,2,2,2,2,2,2,2,2,2,2,2,0],[0,2,2,2,2,2,2,0,2,2,2,2,2,2,2,2,0,2,2,2,2,2,2,2,2,2,2,2,2,0],[0,2,2,2,2,2,2,0,2,2,2,2,2,2,2,2,0,2,2,2,2,2,2,2,2,2,2,2,2,0],[0,2,2,2,2,2,2,0,2,2,2,2,2,2,2,2,0,2,2,2,2,2,2,2,2,2,2,2,2,0],[0,0,0,0,0,0,0,0,0,0,0,0,0,0,0,0,0,0,0,0,0,0,0,0,0,0,0,0,0,0]],"size":{"X":30,"Y":30,"ManhattanLength":60,"EuclideanLengthSquared":1800,"EuclideanLength":42.426407,"PerpendicularRight":{"X":30,"Y":-30,"ManhattanLength":60,"EuclideanLengthSquared":1800,"EuclideanLength":42.426407,"PerpendicularRight":{"X":-30,"Y":-30,"ManhattanLength":60,"EuclideanLengthSquared":1800,"EuclideanLength":42.426407,"PerpendicularRight":{"X":-30,"Y":30,"ManhattanLength":60,"EuclideanLengthSquared":1800,"EuclideanLength":42.426407}},"Yx":{"X":-30,"Y":30,"ManhattanLength":60,"EuclideanLengthSquared":1800,"EuclideanLength":42.426407,"PerpendicularLeft":{"X":-30,"Y":-30,"ManhattanLength":60,"EuclideanLengthSquared":1800,"EuclideanLength":42.426407}}},"PerpendicularLeft":{"X":-30,"Y":30,"ManhattanLength":60,"EuclideanLengthSquared":1800,"EuclideanLength":42.426407,"PerpendicularLeft":{"X":-30,"Y":-30,"ManhattanLength":60,"EuclideanLengthSquared":1800,"EuclideanLength":42.426407,"PerpendicularLeft":{"X":30,"Y":-30,"ManhattanLength":60,"EuclideanLengthSquared":1800,"EuclideanLength":42.426407}},"Yx":{"X":30,"Y":-30,"ManhattanLength":60,"EuclideanLengthSquared":1800,"EuclideanLength":42.426407,"PerpendicularRight":{"X":-30,"Y":-30,"ManhattanLength":60,"EuclideanLengthSquared":1800,"EuclideanLength":42.426407}}}}}